Ticker,Company,Sector,Industry,Country,Market Cap,P/E,Price,Change,Volume
AAMI,Acadian Asset Management Inc,Financial,Asset Management,USA,2580000000.0,30.78,72.38,0.0546,517016.0
ABSI,Absci Corp,Healthcare,Biotechnology,USA,901130000.0,,5.78,-0.0203,6349971.0
ACMR,ACM Research Inc,Technology,Semiconductor Equipment & Materials,USA,4250000000.0,49.17,64.67,0.0805,1886241.0
AD,Array Digital Infrastructure Inc,Communication Services,Telecom Services,USA,4540000000.0,10.12,52.52,-0.0583,422088.0
ADEA,Adeia Inc,Technology,Software - Application,USA,3510000000.0,29.5,31.84,0.0782,5563247.0
AES,AES Corp,Utilities,Utilities - Diversified,USA,10230000000.0,7.43,14.35,0.0014000000000000002,23283874.0
AEVA,Aeva Technologies Inc,Technology,Software - Infrastructure,USA,977580000.0,,15.53,0.1444,3241484.0
AGL,Agilon Health Inc,Healthcare,Medical Care Facilities,USA,994520000.0,,59.61,0.0992,703912.0
AIP,Arteris Inc,Technology,Semiconductors,USA,1530000000.0,,33.13,0.039900000000000005,991178.0
AIS,VistaShares Artificial Intelligence Supercycle ETF,Financial,Exchange Traded Fund,USA,,,70.93,0.048600000000000004,679602.0
AKAM,Akamai Technologies Inc,Technology,Software - Infrastructure,USA,22530000000.0,51.54,153.01,0.0359,9860864.0
ALGM,Allegro Microsystems Inc,Technology,Semiconductors,USA,8970000000.0,,48.39,-0.011399999999999999,3444556.0
ALMU,Aeluma Inc,Technology,Semiconductors,USA,507320000.0,,28.18,0.15439999999999998,2051162.0
AMLX,Amylyx Pharmaceuticals Inc,Healthcare,Drug Manufacturers - Specialty & Generic,USA,1650000000.0,,14.88,0.0102,1722733.0
AMN,AMN Healthcare Services Inc,Healthcare,Medical Care Facilities,USA,1170000000.0,,30.27,0.0449,3478606.0
APLS,Apellis Pharmaceuticals Inc,Healthcare,Biotechnology,USA,5250000000.0,41.0,41.02,-0.0002,7537058.0
ARKX,ARK Space & Defense Innovation ETF,Financial,Exchange Traded Fund,USA,,,34.9,0.0163,1551629.0
ARMG,Leverage Shares 2X Long ARM Daily ETF,Financial,Exchange Traded Fund,USA,,,17.37,-0.005699999999999999,2556624.0
ARMK,Aramark,Industrials,Specialty Business Services,USA,11710000000.0,37.47,44.56,-0.0115,5828327.0
ARTV,Artiva Biotherapeutics Inc,Healthcare,Biotechnology,USA,261990000.0,,10.6,-0.026600000000000002,863648.0
ASTS,AST SpaceMobile Inc,Technology,Communication Equipment,USA,32040000000.0,,82.55,0.0999,36018136.0
ASYS,Amtech Systems Inc,Technology,Semiconductor Equipment & Materials,USA,328840000.0,135.81,22.68,0.0554,617094.0
AUR,Aurora Innovation Inc,Consumer Cyclical,Auto Parts,USA,14240000000.0,,7.26,0.0254,31464431.0
AVDE,Avantis International Equity ETF,Financial,Exchange Traded Fund,USA,,,91.27,0.0015,2056451.0
AVTX,Avalo Therapeutics Inc,Healthcare,Biotechnology,USA,540970000.0,,20.25,-0.061200000000000004,2848789.0
BAI,iShares A.I. Innovation and Tech Active ETF,Financial,Exchange Traded Fund,USA,,,48.36,0.0294,4211950.0
BAND,Bandwidth Inc,Technology,Software - Infrastructure,USA,1600000000.0,,49.95,0.0012,1323542.0
BATRK,Atlanta Braves Holdings Inc,Communication Services,Entertainment,USA,3220000000.0,,50.22,-0.0089,541260.0
BKSY,BlackSky Technology Inc,Industrials,Specialty Business Services,USA,1540000000.0,,41.38,0.0489,4538759.0
BLBD,Blue Bird Corp,Industrials,Farm & Heavy Construction Machinery,USA,2230000000.0,17.26,70.36,-0.009300000000000001,609321.0
BW,Babcock & Wilcox Enterprises Inc,Industrials,Specialty Industrial Machinery,USA,2570000000.0,,18.91,0.3006,9165219.0
BWA,BorgWarner Inc,Consumer Cyclical,Auto Parts,USA,12950000000.0,38.21,63.15,0.0298,4754574.0
CADL,Candel Therapeutics Inc,Healthcare,Biotechnology,USA,648230000.0,,8.85,0.0599,3888093.0
CARE,Carter Bankshares Inc,Financial,Banks - Regional,USA,590440000.0,5.46,26.57,0.0095,489270.0
CBIO,Crescent Biopharma Inc,Healthcare,Biotechnology,USA,510630000.0,,18.52,-0.0128,549550.0
CBOE,Cboe Global Markets Inc,Financial,Financial Data & Stock Exchanges,USA,36680000000.0,29.92,350.48,0.0055000000000000005,1476798.0
CEVA,Ceva Inc,Technology,Semiconductors,USA,1020000000.0,,36.46,-0.0138,1977471.0
CFR,Cullen Frost Bankers Inc,Financial,Banks - Regional,USA,8520000000.0,13.21,135.65,-0.023,896291.0
CHAT,Roundhill Generative AI & Technology ETF,Financial,Exchange Traded Fund,USA,,,86.84,0.0077,753077.0
CLBK,Columbia Financial Inc,Financial,Banks - Regional,USA,2020000000.0,35.33,19.44,-0.0036,431186.0
CLDT,Chatham Lodging Trust,Real Estate,REIT - Hotel & Motel,USA,461210000.0,637.42,9.88,-0.004,877668.0
CLOA,iShares AAA CLO Active ETF,Financial,Exchange Traded Fund,USA,,,51.88,0.0001,1168497.0
CLYM,Climb Bio Inc,Healthcare,Biotechnology,USA,636730000.0,,11.12,-0.022000000000000002,1248451.0
CMP,Compass Minerals International Inc,Basic Materials,Other Industrial Metals & Mining,USA,1230000000.0,194.29,29.26,0.047599999999999996,1592220.0
COKE,Coca-Cola Consolidated Inc,Consumer Defensive,Beverages - Non-Alcoholic,USA,11350000000.0,24.89,170.48,-0.022000000000000002,888469.0
COPX,Global X Copper Miners ETF,Financial,Exchange Traded Fund,USA,,,87.59,0.018799999999999997,6539541.0
CPER,United States Commodity Index Funds Trust,Financial,Exchange Traded Fund,USA,,,39.39,0.029300000000000003,1581160.0
CPRX,Catalyst Pharmaceuticals Inc,Healthcare,Biotechnology,USA,3810000000.0,18.49,31.15,0.0,3679905.0
CRC,California Resources Corp,Energy,Oil & Gas E&P,USA,5300000000.0,,59.68,0.0129,1846903.0
CSHI,NEOS Enhanced Income 1-3 Month T-Bill ETF,Financial,Exchange Traded Fund,USA,,,49.92,0.0,678172.0
CTS,CTS Corp,Technology,Electronic Components,USA,1760000000.0,26.19,61.49,-0.0042,356564.0
CXDO,Crexendo Inc,Communication Services,Telecom Services,USA,306980000.0,66.74,9.47,0.0118,548304.0
CYTK,Cytokinetics Inc,Healthcare,Biotechnology,USA,9280000000.0,,74.56,-0.030600000000000002,5316234.0
DBC,Invesco DB Commodity Index Tracking Fund,Financial,Exchange Traded Fund,USA,,,31.06,0.025099999999999997,3213229.0
DCOM,Dime Community Bancshares Inc,Financial,Banks - Regional,USA,1620000000.0,13.88,36.67,-0.0148,541272.0
DCTH,Delcath Systems Inc,Healthcare,Medical Devices,USA,381810000.0,1843.33,11.06,-0.0366,667655.0
DFAR,Dimensional US Real Estate ETF,Financial,Exchange Traded Fund,USA,,,25.97,-0.0004,3575785.0
DGII,Digi International Inc,Technology,Communication Equipment,USA,2370000000.0,55.33,62.8,-0.0453,518156.0
DGXX,Digi Power X Inc,Utilities,Utilities - Independent Power Producers,USA,546030000.0,,7.43,0.1207,37887409.0
DLX,Deluxe Corp,Industrials,Conglomerates,USA,1180000000.0,11.38,25.8,-0.029300000000000003,677583.0
DPST,Direxion Daily Regional Banks Bull 3X ETF,Financial,Exchange Traded Fund,USA,,,110.67,-0.053399999999999996,870766.0
DSGN,Design Therapeutics Inc,Healthcare,Biotechnology,USA,974960000.0,,15.61,0.0977,593309.0
DTCR,Global X Data Center & Digital Infrastructure ETF,Financial,Exchange Traded Fund,USA,,,30.87,0.0148,1444262.0
DXYZ,Destiny Tech100 Inc,Financial,Asset Management,USA,1030000000.0,20.12,71.24,0.3048,12546456.0
EPOL,iShares MSCI Poland ETF,Financial,Exchange Traded Fund,USA,,,39.71,0.0174,1113475.0
EVC,Entravision Communications Corp,Communication Services,Advertising Agencies,USA,816390000.0,,8.87,0.23879999999999998,7116745.0
EWJV,iShares MSCI Japan Value ETF,Financial,Exchange Traded Fund,USA,,,44.48,0.0059,642575.0
EWL,iShares MSCI Switzerland ETF,Financial,Exchange Traded Fund,USA,,,61.52,-0.0045000000000000005,1624596.0
EWQ,iShares MSCI France ETF,Financial,Exchange Traded Fund,USA,,,45.49,-0.0059,1914308.0
EWS,iShares MSCI Singapore ETF,Financial,Exchange Traded Fund,USA,,,28.91,0.0007000000000000001,2633011.0
EWZS,iShares MSCI Brazil Small-Cap ETF,Financial,Exchange Traded Fund,USA,,,14.79,-0.027000000000000003,3880816.0
FBRX,Forte Biosciences Inc,Healthcare,Biotechnology,USA,509490000.0,,26.0,0.0824,423768.0
FCEL,Fuelcell Energy Inc,Industrials,Electrical Equipment & Parts,USA,844470000.0,,15.94,0.1635,12866527.0
FIGS,Figs Inc,Consumer Cyclical,Apparel Manufacturing,USA,1990000000.0,54.55,11.94,0.026699999999999998,6458084.0
FLEX,Flex Ltd,Technology,Electronic Components,USA,53340000000.0,62.22,145.07,0.0204,8721921.0
FLKR,Franklin FTSE South Korea ETF,Financial,Exchange Traded Fund,USA,,,62.53,0.0172,953140.0
FNKO,Funko Inc,Consumer Cyclical,Leisure,USA,304240000.0,,5.44,0.0342,1879832.0
FORM,FormFactor Inc,Technology,Semiconductor Equipment & Materials,USA,11800000000.0,174.08,151.4,0.0239,3787634.0
FOXA,Fox Corp,Communication Services,Entertainment,USA,27280000000.0,16.3,67.72,0.0759,6600254.0
FTK,Flotek Industries Inc,Energy,Oil & Gas Equipment & Services,USA,613200000.0,21.64,16.95,0.061399999999999996,395597.0
GLW,Corning Inc,Technology,Electronic Components,USA,178490000000.0,99.54,207.39,0.1094,22243228.0
GOLD,Gold.com Inc,Financial,Capital Markets,USA,1100000000.0,14.8,43.38,-0.0443,1147876.0
GOLF,Acushnet Holdings Corp,Consumer Cyclical,Leisure,USA,5130000000.0,30.96,87.69,-0.042199999999999994,632069.0
GOOY,YieldMax GOOGL Option Income Strategy ETF,Financial,Exchange Traded Fund,USA,,,15.18,-0.025699999999999997,1107604.0
GSG,iShares S&P GSCI Commodity Indexed Trust,Financial,Exchange Traded Fund,USA,,,33.69,0.0268,3180586.0
GSIT,GSI Technology Inc,Technology,Semiconductors,USA,424100000.0,,11.72,0.387,12897665.0
HE,Hawaiian Electric Industries Inc,Utilities,Utilities - Regulated Electric,USA,2400000000.0,18.99,13.93,-0.060700000000000004,5373910.0
HLF,Herbalife Ltd,Consumer Defensive,Packaged Foods,USA,1400000000.0,5.93,13.51,-0.0559,2458850.0
HLIT,Harmonic Inc,Technology,Communication Equipment,USA,1410000000.0,,12.83,0.0016,2890406.0
ICLN,iShares Global Clean Energy ETF,Financial,Exchange Traded Fund,USA,,,21.73,0.0269,9835105.0
IMXI,International Money Express Inc,Technology,Software - Infrastructure,USA,475790000.0,14.55,15.81,-0.0038,742511.0
INBX,Inhibrx Biosciences Inc,Healthcare,Biotechnology,USA,1860000000.0,,127.58,-0.0504,1329458.0
INNV,InnovAge Holding Corp,Healthcare,Medical Care Facilities,USA,998740000.0,,7.36,-0.0277,587058.0
INR,Infinity Natural Resources Inc,Energy,Oil & Gas E&P,USA,1020000000.0,17.85,16.0,0.0356,762099.0
INTC,Intel Corp,Technology,Semiconductors,USA,650570000000.0,,129.44,0.0362,178538399.0
INTT,Intest Corp,Technology,Semiconductor Equipment & Materials,USA,219300000.0,375.8,17.55,0.0174,395174.0
INTW,GraniteShares 2x Long INTC Daily ETF,Financial,Exchange Traded Fund,USA,,,390.07,0.0729,1415862.0
INV,Innventure Inc,Financial,Asset Management,USA,559690000.0,,6.99,-0.0014000000000000002,3003046.0
IXC,iShares Global Energy ETF,Financial,Exchange Traded Fund,USA,,,54.38,0.024900000000000002,2881126.0
IXN,iShares Global Tech ETF,Financial,Exchange Traded Fund,USA,,,134.32,0.0098,544896.0
KBE,State Street SPDR S&P Bank ETF,Financial,Exchange Traded Fund,USA,,,62.92,-0.0176,6033228.0
KGS,Kodiak Gas Services Inc,Energy,Oil & Gas Equipment & Services,USA,6670000000.0,101.42,75.52,0.0843,3140944.0
KN,Knowles Corp,Technology,Electronic Components,USA,3100000000.0,55.55,36.26,0.0278,1722230.0
KODK,Eastman Kodak Co,Industrials,Specialty Business Services,USA,1030000000.0,,10.59,-0.0719,2186230.0
KYTX,Kyverna Therapeutics Inc,Healthcare,Biotechnology,USA,625890000.0,,10.34,0.1059,1295761.0
LAMR,Lamar Advertising Co,Real Estate,REIT - Specialty,USA,15450000000.0,28.12,152.26,-0.0359,1148964.0
LFST,LifeStance Health Group Inc,Healthcare,Medical Care Facilities,USA,2970000000.0,129.56,7.67,-0.0039000000000000003,12910586.0
LINC,Lincoln Educational Services Corp,Consumer Defensive,Education & Training Services,USA,1570000000.0,77.55,49.5,0.1061,988344.0
LIND,Lindblad Expeditions Holdings Inc,Consumer Cyclical,Travel Services,USA,1280000000.0,,19.48,-0.0768,1298230.0
LIT,Global X Lithium & Battery Tech ETF,Financial,Exchange Traded Fund,USA,,,91.62,0.0161,789315.0
LITE,Lumentum Holdings Inc,Technology,Communication Equipment,USA,81930000000.0,195.45,1053.09,0.16519999999999999,9442444.0
LMAT,Lemaitre Vascular Inc,Healthcare,Medical Instruments & Supplies,USA,2320000000.0,37.45,101.64,-0.0584,410351.0
LPTH,Lightpath Technologies Inc,Technology,Electronic Components,USA,804650000.0,,12.81,0.1134,4607892.0
LQDA,Liquidia Corp,Healthcare,Drug Manufacturers - Specialty & Generic,USA,4680000000.0,375.21,53.13,0.256,6893783.0
MBX,MBX Biosciences Inc,Healthcare,Biotechnology,USA,1910000000.0,,40.08,-0.0216,1885959.0
MCHP,Microchip Technology Inc,Technology,Semiconductors,USA,53590000000.0,458.68,99.03,-0.0006,19618864.0
MITK,Mitek Systems Inc,Technology,Software - Application,USA,676480000.0,43.33,14.98,-0.0404,2452556.0
MMIT,NYLI MacKay Muni Intermediate ETF,Financial,Exchange Traded Fund,USA,,,24.31,-0.0004,673812.0
MOO,VanEck Agribusiness ETF,Financial,Exchange Traded Fund,USA,,,81.91,0.0031,1140113.0
MRAM,Everspin Technologies Inc,Technology,Semiconductors,USA,934620000.0,4026.26,39.86,0.4768,27802805.0
MRNA,Moderna Inc,Healthcare,Biotechnology,USA,20980000000.0,,52.88,-0.027000000000000003,24041865.0
MSGE,Madison Square Garden Entertainment Corp,Communication Services,Entertainment,USA,3020000000.0,62.87,63.95,-0.0202,614658.0
MTRN,Materion Corp,Basic Materials,Other Industrial Metals & Mining,USA,4219999999.9999995,55.48,203.03,0.0184,389740.0
MTSI,MACOM Technology Solutions Holdings Inc,Technology,Semiconductors,USA,27920000000.0,158.64,365.88,0.0167,1877013.0
MU,Micron Technology Inc,Technology,Semiconductors,USA,896920000000.0,37.55,795.33,0.065,70286109.0
MVLL,GraniteShares 2x Long MRVL Daily ETF,Financial,Exchange Traded Fund,USA,,,72.49,0.0074,1101334.0
MXL,MaxLinear Inc,Technology,Semiconductors,USA,9160000000.0,,102.27,0.024399999999999998,4891296.0
NOVT,Novanta Inc,Technology,Scientific & Technical Instruments,USA,5000000000.0,95.95,139.98,0.0121,609738.0
NRGV,Energy Vault Holdings Inc,Utilities,Utilities - Renewable,USA,871800000.0,,5.04,0.11259999999999999,9034707.0
NUAI,New Era Energy & Digital Inc,Technology,Software - Infrastructure,USA,495000000.0,,5.0,0.002,10405191.0
NVAX,Novavax Inc,Healthcare,Biotechnology,USA,1560000000.0,,9.5,-0.0603,10304560.0
NVST,Envista Holdings Corp,Healthcare,Medical Instruments & Supplies,USA,3940000000.0,59.95,24.2,-0.0017000000000000001,5032581.0
NVTS,Navitas Semiconductor Corp,Technology,Semiconductors,USA,5290000000.0,,22.65,0.2445,70256207.0
NWS,News Corp,Communication Services,Entertainment,USA,15730000000.0,41.64,31.17,-0.0045000000000000005,2263042.0
NXT,Nextpower Inc,Technology,Solar,USA,18750000000.0,32.26,126.26,0.0028000000000000004,3152902.0
OPTX,Syntec Optics Holdings Inc,Technology,Electronic Components,USA,302070000.0,,7.58,0.0355,1533096.0
ORN,Orion Group Holdings Inc,Industrials,Engineering & Construction,USA,613260000.0,70.5,15.15,0.0168,603059.0
OUST,Ouster Inc,Technology,Electronic Components,USA,1710000000.0,,26.8,0.0635,5589060.0
OUT,Outfront Media Inc,Real Estate,REIT - Specialty,USA,5680000000.0,31.11,32.24,-0.049,2541859.0
PBI,Pitney Bowes Inc,Industrials,Integrated Freight & Logistics,USA,2150000000.0,15.38,15.9,0.0127,6266200.0
PBW,Invesco WilderHill Clean Energy ETF,Financial,Exchange Traded Fund,USA,,,41.95,0.0371,1525879.0
PDFS,PDF Solutions Inc,Technology,Software - Application,USA,2200000000.0,307.25,55.09,0.067,1047324.0
PENG,Penguin Solutions Inc,Technology,Information Technology Services,USA,2210000000.0,62200.0,43.54,-0.015600000000000001,4408541.0
PFXF,VanEck Preferred Securities ex Financials ETF,Financial,Exchange Traded Fund,USA,,,18.88,0.0021,2568338.0
PICK,iShares MSCI Global Metals & Mining Producers ETF,Financial,Exchange Traded Fund,USA,,,65.91,0.0167,968259.0
PLSE,Pulse Biosciences Inc,Healthcare,Medical Instruments & Supplies,USA,1300000000.0,,19.08,0.0,953297.0
POWI,Power Integrations Inc,Technology,Semiconductors,USA,4139999999.9999995,249.71,74.34,0.014499999999999999,1517805.0
PRAA,PRA Group Inc,Financial,Credit Services,USA,659090000.0,,17.14,-0.10640000000000001,820754.0
PRAX,Praxis Precision Medicines Inc,Healthcare,Biotechnology,USA,9250000000.0,,331.81,0.0054,673915.0
PSI,Invesco Semiconductors ETF,Financial,Exchange Traded Fund,USA,,,156.16,0.028900000000000002,1236541.0
PTCT,PTC Therapeutics Inc,Healthcare,Biotechnology,USA,6370000000.0,,76.85,0.0429,3208573.0
PUBM,PubMatic Inc,Technology,Software - Application,USA,461150000.0,,9.88,-0.0801,1827396.0
QCML,GraniteShares 2x Long QCOM Daily ETF,Financial,Exchange Traded Fund,USA,,,37.08,0.1675,4018822.0
QCOM,Qualcomm Inc,Technology,Semiconductors,USA,250360000000.0,25.84,237.53,0.0842,45371133.0
QMCO,Quantum Corp,Technology,Computer Hardware,USA,143160000.0,,9.78,0.0166,928277.0
QSR,Restaurant Brands International Inc,Consumer Cyclical,Restaurants,USA,35660000000.0,31.13,78.23,-0.018600000000000002,5620931.0
QTUM,Defiance Quantum ETF,Financial,Exchange Traded Fund,USA,,,147.82,0.020099999999999996,731407.0
QUIK,Quicklogic Corp,Technology,Semiconductors,USA,366640000.0,,20.69,0.04019999999999999,1026822.0
RAAX,VanEck Real Assets ETF,Financial,Exchange Traded Fund,USA,,,42.7,0.0155,476301.0
RAPP,Rapport Therapeutics Inc,Healthcare,Biotechnology,USA,1840000000.0,,38.43,0.0103,547949.0
RDW,Redwire Corp,Industrials,Aerospace & Defense,USA,2420000000.0,,12.16,0.09849999999999999,46870364.0
RELY,Remitly Global Inc,Technology,Software - Infrastructure,USA,5110000000.0,49.78,24.28,0.0104,6227570.0
RFIL,RF Industries Ltd,Industrials,Electrical Equipment & Parts,USA,183300000.0,691.84,16.95,0.1093,524189.0
RILY,BRC Group Holdings Inc,Financial,Financial Conglomerates,USA,336030000.0,0.62,9.05,0.10640000000000001,1814813.0
RKLB,Rocket Lab Corp,Industrials,Aerospace & Defense,USA,67920000000.0,,117.35,0.11259999999999999,53455351.0
RKLX,Defiance Daily Target 2X Long RKLB ETF,Financial,Exchange Traded Fund,USA,,,72.57,0.2238,6567435.0
RLJ,RLJ Lodging Trust,Real Estate,REIT - Hotel & Motel,USA,1340000000.0,,8.8,-0.0168,4505815.0
ROG,Rogers Corp,Technology,Electronic Components,USA,2470000000.0,,138.52,-0.0152,319457.0
ROST,Ross Stores Inc,Consumer Cyclical,Apparel Retail,USA,69120000000.0,32.42,214.55,-0.0499,4559017.0
SATL,Satellogic Inc,Industrials,Aerospace & Defense,USA,1240000000.0,,8.7,0.1493,16281563.0
SION,Sionna Therapeutics Inc,Healthcare,Biotechnology,USA,2069999999.9999998,,45.95,0.038900000000000004,670726.0
SITM,SiTime Corp,Technology,Semiconductors,USA,23800000000.0,,901.48,0.0821,693771.0
SKYT,SkyWater Technology Inc,Technology,Semiconductors,USA,1720000000.0,15.04,35.09,0.0406,3584072.0
SMMD,iShares Russell 2500 ETF,Financial,Exchange Traded Fund,USA,,,87.01,0.0031,597440.0
SMTC,Semtech Corp,Technology,Semiconductors,USA,12710000000.0,,136.53,0.1208,4249704.0
SNDA,Sonida Senior Living Inc,Healthcare,Medical Care Facilities,USA,1750000000.0,,36.96,-0.0342,977704.0
SOXQ,Invesco PHLX Semiconductor ETF,Financial,Exchange Traded Fund,USA,,,95.07,0.0258,2799196.0
SPIR,Spire Global Inc,Industrials,Specialty Business Services,USA,653800000.0,11.83,18.66,0.0092,2280400.0
SRTA,Strata Critical Medical Inc,Healthcare,Medical Care Facilities,USA,489740000.0,,5.66,0.016200000000000003,1355144.0
SUN,Sunoco LP,Energy,Oil & Gas Refining & Marketing,USA,13620000000.0,16.84,66.5,-0.0069,1507050.0
TBLA,Taboola.com Ltd,Communication Services,Internet Content & Information,USA,1400000000.0,13.64,5.13,-0.0229,3522467.0
TDS,Telephone And Data Systems Inc,Communication Services,Telecom Services,USA,4600000000.0,80.86,43.31,-0.068,1957896.0
TECX,Tectonic Therapeutic Inc,Healthcare,Biotechnology,USA,519280000.0,,27.52,-0.051,548543.0
TENX,Tenax Therapeutics Inc,Healthcare,Biotechnology,USA,205510000.0,,11.95,0.024900000000000002,1164449.0
TH,Target Hospitality Corp,Industrials,Specialty Business Services,USA,1800000000.0,,18.08,0.1794,5020873.0
TSMX,Direxion Daily TSM Bull 2X ETF,Financial,Exchange Traded Fund,USA,,,79.35,-0.0347,1639771.0
TTGT,Techtarget Inc,Technology,Information Technology Services,USA,418980000.0,,5.8,-0.05,854495.0
TWO,Two Harbors Investment Corp,Real Estate,REIT - Mortgage,USA,1330000000.0,,12.62,0.005600000000000001,7509772.0
UAA,Under Armour Inc,Consumer Cyclical,Apparel Manufacturing,USA,2550000000.0,,6.06,-0.0575,13885590.0
UFO,Procure Space ETF,Financial,Exchange Traded Fund,USA,,,56.3,0.033,1926808.0
UNIT,Uniti Group Inc,Real Estate,REIT - Specialty,USA,2720000000.0,3.08,11.37,0.008,6106525.0
VECO,Veeco Instruments Inc,Technology,Semiconductor Equipment & Materials,USA,3740000000.0,159.61,61.21,0.0301,2038538.0
VICR,Vicor Corp,Technology,Electronic Components,USA,14270000000.0,104.81,312.96,0.22030000000000002,1787809.0
VOLT,Tema Electrification ETF,Financial,Exchange Traded Fund,USA,,,41.34,0.0248,755771.0
VSH,Vishay Intertechnology Inc,Technology,Semiconductors,USA,4740000000.0,,34.83,0.0166,4472014.0
WCMI,First Trust WCM International Equity ETF,Financial,Exchange Traded Fund,USA,,,18.85,-0.0026,1153250.0
WEST,Westrock Coffee Company,Consumer Defensive,Packaged Foods,USA,853630000.0,,8.75,0.060599999999999994,2651578.0
WSC,WillScot Holdings Corp,Industrials,Rental & Leasing Services,USA,4830000000.0,,26.71,-0.0495,4573081.0
XEL,Xcel Energy Inc,Utilities,Utilities - Regulated Electric,USA,50320000000.0,23.2,80.6,0.0152,7952340.0
XIFR,XPLR Infrastructure LP,Utilities,Utilities - Renewable,USA,2330000000.0,10.92,12.08,0.0298,2290206.0
XPER,Xperi Inc,Technology,Software - Application,USA,387620000.0,,8.03,0.0,1367329.0
XWIN,XMax Inc,Consumer Cyclical,"Furnishings, Fixtures & Appliances",USA,537440000.0,,8.45,0.0132,2245099.0
ZVRA,Zevra Therapeutics Inc,Healthcare,Biotechnology,USA,638440000.0,5.01,10.8,-0.0296,1944418.0
